{"stats":{"minecraft:picked_up":{"minecraft:sculk_catalyst":4,"minecraft:sandstone":3,"minecraft:wither_rose":3,"minecraft:sand":43,"minecraft:lily_pad":1,"minecraft:dirt":149,"minecraft:tnt":3,"minecraft:wheat_seeds":3,"minecraft:granite":2,"minecraft:nether_star":4},"minecraft:used":{"minecraft:warden_spawn_egg":77,"minecraft:netherite_sword":192,"minecraft:ender_eye":12,"minecraft:netherite_block":3,"minecraft:lava_bucket":1,"minecraft:wither_skeleton_skull":12,"minecraft:command_block":32,"minecraft:spawner":6,"minecraft:barrier":54,"minecraft:shield":3,"minecraft:wither_skeleton_spawn_egg":10,"minecraft:totem_of_undying":3,"minecraft:soul_sand":23,"minecraft:fire_charge":2,"minecraft:dirt":13,"minecraft:bow":17,"minecraft:tnt":2,"minecraft:end_portal_frame":12,"minecraft:warped_button":2,"minecraft:enchanted_golden_apple":17,"minecraft:splash_potion":3},"minecraft:killed_by":{"minecraft:player":7},"minecraft:broken":{"minecraft:netherite_helmet":1,"minecraft:netherite_chestplate":1,"minecraft:netherite_leggings":1,"minecraft:netherite_boots":1},"minecraft:custom":{"minecraft:time_since_rest":5541,"minecraft:sprint_one_cm":50389,"minecraft:damage_absorbed":1548,"minecraft:damage_taken":16226,"minecraft:walk_one_cm":78317,"minecraft:damage_blocked_by_shield":201,"minecraft:mob_kills":11,"minecraft:interact_with_anvil":3,"minecraft:drop":20,"minecraft:damage_dealt":4356,"minecraft:swim_one_cm":5645,"minecraft:fly_one_cm":303558,"minecraft:crouch_one_cm":6655,"minecraft:play_time":50335,"minecraft:deaths":13,"minecraft:sneak_time":2387,"minecraft:walk_under_water_one_cm":6138,"minecraft:boat_one_cm":7427,"minecraft:jump":765,"minecraft:leave_game":3,"minecraft:time_since_death":5486,"minecraft:walk_on_water_one_cm":23848,"minecraft:climb_one_cm":5796,"minecraft:total_world_time":50335,"minecraft:damage_resisted":1325,"minecraft:fall_one_cm":19941},"minecraft:killed":{"minecraft:vex":11},"minecraft:dropped":{"minecraft:tipped_arrow":1,"minecraft:wheat_seeds":3,"minecraft:tnt":1,"minecraft:netherite_axe":1,"minecraft:fire_charge":1,"minecraft:warped_button":1,"minecraft:wither_rose":3,"minecraft:sandstone":2,"minecraft:arrow":1,"minecraft:stick":576,"minecraft:spawner":1},"minecraft:mined":{"minecraft:seagrass":1,"minecraft:tall_seagrass":2,"minecraft:tnt":4,"minecraft:grass":8,"minecraft:sand":1,"minecraft:lily_pad":1}},"DataVersion":3465}