{"stats":{"minecraft:used":{"minecraft:pink_concrete":6,"minecraft:black_terracotta":6,"minecraft:white_terracotta":304},"minecraft:custom":{"minecraft:jump":55,"minecraft:time_since_rest":12193,"minecraft:deaths":1,"minecraft:crouch_one_cm":771,"minecraft:walk_on_water_one_cm":648,"minecraft:sprint_one_cm":8177,"minecraft:play_time":13946,"minecraft:damage_taken":120,"minecraft:time_since_death":12134,"minecraft:walk_one_cm":17107,"minecraft:sneak_time":448,"minecraft:total_world_time":13946,"minecraft:walk_under_water_one_cm":211,"minecraft:fall_one_cm":627,"minecraft:fly_one_cm":128301},"minecraft:mined":{"minecraft:sand":4}},"DataVersion":3465}