{"stats":{"minecraft:picked_up":{"minecraft:sculk_catalyst":3,"minecraft:sandstone":12,"minecraft:andesite":10,"minecraft:wither_rose":4,"minecraft:sand":43,"minecraft:dirt":241,"minecraft:raw_copper":1,"minecraft:wheat_seeds":1,"minecraft:netherite_sword":1,"minecraft:granite":1,"minecraft:nether_star":5,"minecraft:cobblestone":40},"minecraft:used":{"minecraft:netherite_sword":211,"minecraft:wither_skeleton_skull":39,"minecraft:totem_of_undying":4,"minecraft:vex_spawn_egg":64,"minecraft:anvil":9,"minecraft:soul_sand":63,"minecraft:dirt":18,"minecraft:golden_carrot":1,"minecraft:bow":144,"minecraft:enchanted_golden_apple":20,"minecraft:splash_potion":2},"minecraft:killed_by":{"minecraft:player":2,"minecraft:vex":1},"minecraft:custom":{"minecraft:time_since_rest":12193,"minecraft:damage_absorbed":2039,"minecraft:sprint_one_cm":34531,"minecraft:damage_taken":4040,"minecraft:walk_one_cm":87802,"minecraft:interact_with_anvil":18,"minecraft:mob_kills":13,"minecraft:drop":6,"minecraft:damage_dealt":6168,"minecraft:player_kills":6,"minecraft:swim_one_cm":7352,"minecraft:fly_one_cm":122652,"minecraft:crouch_one_cm":78,"minecraft:play_time":48901,"minecraft:deaths":7,"minecraft:sneak_time":153,"minecraft:walk_under_water_one_cm":1450,"minecraft:jump":700,"minecraft:walk_on_water_one_cm":20362,"minecraft:time_since_death":12079,"minecraft:climb_one_cm":1802,"minecraft:total_world_time":48901,"minecraft:damage_resisted":779,"minecraft:fall_one_cm":14224},"minecraft:killed":{"minecraft:vex":13},"minecraft:dropped":{"minecraft:dirt":64,"minecraft:sculk_catalyst":3,"minecraft:andesite":10,"minecraft:bow":1},"minecraft:mined":{"minecraft:seagrass":1,"minecraft:tnt":2,"minecraft:grass":8,"minecraft:vine":1}},"DataVersion":3465}