{"stats":{"minecraft:picked_up":{"minecraft:salmon":5,"minecraft:bone_meal":1,"minecraft:oak_log":8,"minecraft:oak_sapling":2,"minecraft:cod":3,"minecraft:dirt":5},"minecraft:used":{"minecraft:netherite_sword":8,"minecraft:dirt":5},"minecraft:custom":{"minecraft:time_since_rest":5011,"minecraft:walk_one_cm":5178,"minecraft:crouch_one_cm":141,"minecraft:sprint_one_cm":3774,"minecraft:play_time":5011,"minecraft:damage_taken":20,"minecraft:sneak_time":164,"minecraft:walk_under_water_one_cm":15835,"minecraft:mob_kills":8,"minecraft:jump":35,"minecraft:damage_dealt":240,"minecraft:leave_game":2,"minecraft:time_since_death":5011,"minecraft:walk_on_water_one_cm":563,"minecraft:total_world_time":5011,"minecraft:climb_one_cm":999,"minecraft:swim_one_cm":11987,"minecraft:fall_one_cm":1378,"minecraft:fly_one_cm":16444},"minecraft:killed":{"minecraft:cod":3,"minecraft:salmon":5},"minecraft:mined":{"minecraft:grass_block":5,"minecraft:oak_log":8}},"DataVersion":3465}