{"stats":{"minecraft:picked_up":{"minecraft:sculk_catalyst":7,"minecraft:salmon":5,"minecraft:sand":162,"minecraft:oak_log":13,"minecraft:redstone":1,"minecraft:dirt":68,"minecraft:arrow":3,"minecraft:bone":4,"minecraft:wheat_seeds":3,"minecraft:bone_meal":1,"minecraft:oak_sapling":2,"minecraft:soul_sand":1,"minecraft:cod":3,"minecraft:coal":1},"minecraft:used":{"minecraft:lever":1,"minecraft:water_bucket":2,"minecraft:netherite_sword":43,"minecraft:lava_bucket":1,"minecraft:command_block":1,"minecraft:flint_and_steel":18,"minecraft:redstone":23,"minecraft:barrier":25,"minecraft:netherite_axe":3,"minecraft:bamboo_slab":4,"minecraft:repeater":8,"minecraft:dirt":5,"minecraft:bow":201,"minecraft:tnt":103,"minecraft:netherite_pickaxe":1,"minecraft:bamboo_planks":47,"minecraft:enchanted_golden_apple":12},"minecraft:crafted":{"minecraft:oak_planks":20,"minecraft:crafting_table":1,"minecraft:stick":4},"minecraft:killed_by":{"minecraft:player":5,"minecraft:wither":1,"minecraft:warden":3},"minecraft:custom":{"minecraft:time_since_rest":10634,"minecraft:walk_one_cm":112015,"minecraft:sprint_one_cm":35746,"minecraft:damage_taken":4088,"minecraft:damage_absorbed":1399,"minecraft:mob_kills":19,"minecraft:drop":2,"minecraft:damage_dealt":2011,"minecraft:swim_one_cm":28196,"minecraft:fly_one_cm":399861,"minecraft:player_kills":7,"minecraft:crouch_one_cm":1297,"minecraft:play_time":55609,"minecraft:deaths":11,"minecraft:sneak_time":932,"minecraft:walk_under_water_one_cm":28412,"minecraft:jump":676,"minecraft:leave_game":3,"minecraft:time_since_death":10598,"minecraft:walk_on_water_one_cm":23423,"minecraft:total_world_time":55609,"minecraft:climb_one_cm":2009,"minecraft:damage_resisted":534,"minecraft:fall_one_cm":18953},"minecraft:killed":{"minecraft:skeleton":1,"minecraft:vex":5,"minecraft:zombie":1,"minecraft:salmon":5,"minecraft:ender_dragon":2,"minecraft:warden":1,"minecraft:cod":3},"minecraft:mined":{"minecraft:soul_sand":1,"minecraft:grass":1,"minecraft:grass_block":6,"minecraft:oak_log":13,"minecraft:oak_leaves":1},"minecraft:dropped":{"minecraft:tipped_arrow":1,"minecraft:netherite_sword":1}},"DataVersion":3465}