{"stats":{"minecraft:custom":{"minecraft:jump":9,"minecraft:time_since_rest":4882,"minecraft:walk_on_water_one_cm":774,"minecraft:sprint_one_cm":412,"minecraft:leave_game":2,"minecraft:play_time":4882,"minecraft:damage_taken":130,"minecraft:time_since_death":4882,"minecraft:walk_one_cm":2673,"minecraft:sneak_time":12,"minecraft:total_world_time":4882,"minecraft:walk_under_water_one_cm":388,"minecraft:swim_one_cm":1515,"minecraft:fall_one_cm":1470,"minecraft:fly_one_cm":28402},"minecraft:mined":{"minecraft:oak_log":6,"minecraft:oak_leaves":1},"minecraft:picked_up":{"minecraft:oak_log":6}},"DataVersion":3465}