{"stats":{"minecraft:used":{"minecraft:netherite_sword":3,"minecraft:bamboo_raft":1,"minecraft:netherite_block":166,"minecraft:water_bucket":1,"minecraft:lava_bucket":1,"minecraft:potion":1,"minecraft:red_stained_glass":1,"minecraft:barrier":99,"minecraft:crossbow":5,"minecraft:stone":98,"minecraft:splash_potion":42,"minecraft:enchanted_golden_apple":1,"minecraft:beacon":1,"minecraft:totem_of_undying":1},"minecraft:killed_by":{"minecraft:vex":1},"minecraft:custom":{"minecraft:time_since_rest":11278,"minecraft:crouch_one_cm":89,"minecraft:damage_taken":649,"minecraft:sprint_one_cm":11339,"minecraft:play_time":34490,"minecraft:damage_absorbed":4,"minecraft:deaths":5,"minecraft:walk_one_cm":13888,"minecraft:sneak_time":509,"minecraft:walk_under_water_one_cm":222,"minecraft:interact_with_anvil":1,"minecraft:drop":5,"minecraft:boat_one_cm":20321,"minecraft:jump":119,"minecraft:damage_dealt":128,"minecraft:leave_game":6,"minecraft:walk_on_water_one_cm":3717,"minecraft:time_since_death":10406,"minecraft:interact_with_beacon":1,"minecraft:climb_one_cm":347,"minecraft:total_world_time":34490,"minecraft:fall_one_cm":4821,"minecraft:fly_one_cm":174931},"minecraft:dropped":{"minecraft:barrier":1,"minecraft:potion":1,"minecraft:beacon":1,"minecraft:red_stained_glass":1,"minecraft:netherite_block":1}},"DataVersion":3465}